country,access_electricity_pct,low_carbon_elec_pct,gdp_per_capita_usd,transition_score,clean_access_ratio,fossil_lock_in,score_2000,score_2019,score_change,improvement_rate,cluster,cluster_name
Afghanistan,97.7,83.17757,494.1793499,72.02,81.26,26.58,42.66,72.02,29.36,1.545,2,Transición renovable
Albania,100.0,100.0,5395.659532,88.82,100.0,12.34,81.88,88.82,6.94,0.365,2,Transición renovable
Algeria,99.5,1.0953188,3989.668276,43.08,1.09,62.84,39.61,43.08,3.47,0.183,0,Emergentes fósiles
Angola,45.6428,71.55844,2809.626088,57.38,32.66,27.81,41.9,57.38,15.48,0.815,3,Pobreza energética
Antigua and Barbuda,100.0,2.9411764,17376.64968,49.32,2.94,54.4,45.62,49.32,3.7,0.195,0,Emergentes fósiles
Argentina,100.0,31.991589,10056.63794,60.44,31.99,42.71,62.24,60.44,-1.8,-0.095,0,Emergentes fósiles
Armenia,100.0,60.821915,4604.646324,70.62,60.82,32.3,60.52,70.62,10.1,0.532,2,Transición renovable
Aruba,100.0,16.304348,,49.84,16.3,,46.1,49.84,3.74,0.197,0,Emergentes fósiles
Australia,100.0,21.37597,54875.28596,61.72,21.38,44.37,52.67,61.72,9.05,0.476,1,Desarrollados alto consumo
Austria,100.0,77.109795,50114.40111,86.48,77.11,16.86,81.89,86.48,4.59,0.242,1,Desarrollados alto consumo
Azerbaijan,100.0,6.869919,4805.753718,46.49,6.87,58.42,39.83,46.49,6.66,0.351,0,Emergentes fósiles
Bahamas,100.0,0.0,,42.5,0.0,,42.5,42.5,0.0,0.0,0,Emergentes fósiles
Bahrain,100.0,0.031806614,23551.93009,49.09,0.03,64.43,47.13,49.09,1.96,0.103,1,Desarrollados alto consumo
Bangladesh,92.2,1.4337819,1855.740094,38.31,1.32,59.49,17.13,38.31,21.18,1.115,0,Emergentes fósiles
Barbados,100.0,3.9215686,18148.49785,49.91,3.92,54.0,46.45,49.91,3.46,0.182,0,Emergentes fósiles
Belarus,100.0,2.494692,6837.717826,45.78,2.49,61.85,38.72,45.78,7.06,0.372,0,Emergentes fósiles
Belgium,100.0,68.237465,46591.49161,82.22,68.24,22.96,75.75,82.22,6.47,0.341,1,Desarrollados alto consumo
Belize,92.72,53.409092,5078.809944,65.45,49.52,40.06,58.33,65.45,7.12,0.375,2,Transición renovable
Benin,40.32869,5.0,1219.515506,22.85,2.02,65.14,11.87,22.85,10.98,0.578,3,Pobreza energética
Bermuda,100.0,,117098.4463,68.31,0.0,32.61,65.69,68.31,2.62,0.138,1,Desarrollados alto consumo
Bhutan,100.0,100.0,3322.863329,87.08,100.0,23.56,60.96,87.08,26.12,1.375,2,Transición renovable
Bosnia and Herzegovina,100.0,37.85243,6119.762345,61.3,37.85,46.56,61.77,61.3,-0.47,-0.025,2,Transición renovable
Botswana,69.95974,0.3267974,7203.064221,35.98,0.23,56.72,20.21,35.98,15.77,0.83,0,Emergentes fósiles
Brazil,99.8,85.30534,8897.552966,83.93,85.13,20.12,82.04,83.93,1.89,0.099,2,Transición renovable
Bulgaria,100.0,54.908676,9879.268533,70.68,54.91,34.98,62.59,70.68,8.09,0.426,2,Transición renovable
Burkina Faso,18.374855,12.209302,796.1152068,17.99,2.24,60.93,19.72,17.99,-1.73,-0.091,3,Pobreza energética
Burundi,11.356528,66.666664,228.2135892,35.94,7.57,45.67,46.44,35.94,-10.5,-0.553,3,Pobreza energética
Cambodia,84.0,53.372787,1643.121389,58.79,44.83,40.68,13.28,58.79,45.51,2.395,2,Transición renovable
Cameroon,63.48988,64.19161,1533.095688,57.25,40.76,35.38,63.2,57.25,-5.95,-0.313,3,Pobreza energética
Canada,100.0,82.378334,46338.34096,88.57,82.38,22.19,82.29,88.57,6.28,0.331,1,Desarrollados alto consumo
Cayman Islands,100.0,2.857143,91392.64259,55.21,2.86,47.17,42.5,55.21,12.71,0.669,1,Desarrollados alto consumo
Central African Republic,14.3,100.0,467.9080323,54.38,14.3,30.03,40.67,54.38,13.71,0.722,3,Pobreza energética
Chad,8.4,3.2258065,709.5400432,10.54,0.27,63.99,7.36,10.54,3.18,0.167,3,Pobreza energética
Chile,100.0,41.64621,14741.7144,66.15,41.65,37.84,64.36,66.15,1.79,0.094,0,Emergentes fósiles
China,100.0,31.672895,10143.83817,60.32,31.67,48.21,44.8,60.32,15.52,0.817,0,Emergentes fósiles
Colombia,99.75592,69.49456,6424.979492,75.64,69.32,25.59,73.77,75.64,1.87,0.098,2,Transición renovable
Comoros,84.297775,0.0,1401.542312,34.29,0.0,62.45,18.16,34.29,16.13,0.849,3,Pobreza energética
Congo,48.407475,25.68306,,38.58,12.43,,66.23,38.58,-27.65,-1.455,3,Pobreza energética
Costa Rica,99.71,97.81277,12693.82796,90.8,97.53,10.18,86.17,90.8,4.63,0.244,2,Transición renovable
Croatia,100.0,65.95577,15311.7669,77.22,65.96,25.72,69.24,77.22,7.98,0.42,2,Transición renovable
Cuba,99.8,15.309779,9125.878679,52.52,15.28,46.72,40.79,52.52,11.73,0.617,0,Emergentes fósiles
Cyprus,100.0,10.097087,29206.07672,54.39,10.1,48.28,47.32,54.39,7.07,0.372,0,Emergentes fósiles
Czechia,100.0,47.021107,,63.66,47.02,,52.3,63.66,11.36,0.598,0,Emergentes fósiles
Denmark,100.0,78.17689,59775.7351,87.59,78.18,14.38,56.99,87.59,30.6,1.611,1,Desarrollados alto consumo
Djibouti,61.21193,0.0,3414.916178,30.54,0.0,57.54,23.77,30.54,6.77,0.356,3,Pobreza energética
Dominica,100.0,22.222221,8516.280039,55.45,22.22,46.89,56.96,55.45,-1.51,-0.079,0,Emergentes fósiles
Dominican Republic,99.0,12.247015,8282.117131,50.56,12.12,49.85,42.36,50.56,8.2,0.432,0,Emergentes fósiles
Ecuador,99.09,78.04273,6222.524653,79.17,77.33,23.2,69.97,79.17,9.2,0.484,2,Transición renovable
Egypt,100.0,10.662351,,47.3,10.66,,50.09,47.3,-2.79,-0.147,0,Emergentes fósiles
El Salvador,97.36,69.28214,4167.730939,73.28,67.45,28.49,60.12,73.28,13.16,0.693,2,Transición renovable
Equatorial Guinea,66.600044,32.142857,8419.933336,49.85,21.41,42.53,34.41,49.85,15.44,0.813,0,Emergentes fósiles
Eritrea,50.936993,2.2727273,,28.8,1.16,,12.37,28.8,16.43,0.865,3,Pobreza energética
Estonia,100.0,28.120895,23397.12001,61.71,28.12,44.11,42.86,61.71,18.85,0.992,0,Emergentes fósiles
Eswatini,76.86944,94.3662,3915.643467,78.2,72.54,19.74,56.38,78.2,21.82,1.148,2,Transición renovable
Ethiopia,48.06359,99.929726,855.7608852,66.63,48.03,26.77,47.6,66.63,19.03,1.002,3,Pobreza energética
Fiji,99.71588,62.83186,6175.890653,72.49,62.65,28.05,65.05,72.49,7.44,0.392,2,Transición renovable
Finland,100.0,81.52969,48628.64176,88.36,81.53,19.26,78.76,88.36,9.6,0.505,1,Desarrollados alto consumo
France,100.0,90.54302,40578.64429,91.77,90.54,12.27,89.63,91.77,2.14,0.113,1,Desarrollados alto consumo
Gabon,90.726295,44.690266,7766.996554,62.44,40.55,42.53,63.07,62.44,-0.63,-0.033,2,Transición renovable
Gambia,62.1,0.0,,31.13,0.0,,22.79,31.13,8.34,0.439,3,Pobreza energética
Georgia,100.0,76.98276,4697.983652,77.96,76.98,25.51,72.61,77.96,5.35,0.282,2,Transición renovable
Germany,100.0,52.611385,46794.89929,75.21,52.61,27.97,65.22,75.21,9.99,0.526,1,Desarrollados alto consumo
Ghana,83.5,43.858597,2246.625578,55.47,36.62,40.75,57.42,55.47,-1.95,-0.103,2,Transición renovable
Greece,100.0,33.14121,19133.75776,63.25,33.14,39.54,50.17,63.25,13.08,0.688,0,Emergentes fósiles
Grenada,93.120964,0.0,10827.43529,44.24,0.0,55.68,39.4,44.24,4.84,0.255,0,Emergentes fósiles
Guatemala,95.742004,60.101376,4638.634943,69.04,57.54,33.89,55.42,69.04,13.62,0.717,2,Transición renovable
Guinea,42.2,63.592236,1058.143368,49.27,26.84,38.96,33.33,49.27,15.94,0.839,3,Pobreza energética
Guinea-Bissau,30.961557,0.0,749.453747,16.06,0.0,74.04,18.61,16.06,-2.55,-0.134,3,Pobreza energética
Guyana,91.91576,13.114754,6609.51128,48.02,12.05,53.55,33.05,48.02,14.97,0.788,0,Emergentes fósiles
Haiti,45.990234,16.666666,1312.770636,30.06,7.67,59.88,40.91,30.06,-10.85,-0.571,3,Pobreza energética
Honduras,91.1,51.528778,2556.456891,61.67,46.94,39.56,56.76,61.67,4.91,0.258,2,Transición renovable
Hungary,100.0,61.392223,16735.65978,75.49,61.39,28.32,61.7,75.49,13.79,0.726,2,Transición renovable
Iceland,100.0,100.0,68941.46223,97.92,100.0,22.81,95.19,97.92,2.73,0.144,1,Desarrollados alto consumo
India,97.308266,21.475914,2100.751461,49.3,20.9,53.61,30.07,49.3,19.23,1.012,0,Emergentes fósiles
Indonesia,98.85,16.261044,4135.201531,49.84,16.07,51.99,41.8,49.84,8.04,0.423,0,Emergentes fósiles
Iraq,99.992004,5.987218,5980.626918,46.87,5.99,59.93,40.36,46.87,6.51,0.343,0,Emergentes fósiles
Ireland,100.0,38.41146,80886.61574,70.77,38.41,30.18,51.71,70.77,19.06,1.003,1,Desarrollados alto consumo
Israel,100.0,4.0435023,43951.24773,53.13,4.04,49.55,48.71,53.13,4.42,0.233,0,Emergentes fósiles
Italy,100.0,39.756306,33641.63375,68.24,39.76,34.13,57.02,68.24,11.22,0.591,0,Emergentes fósiles
Jamaica,99.36762,15.294118,5369.498371,50.49,15.2,54.02,40.8,50.49,9.69,0.51,0,Emergentes fósiles
Japan,100.0,25.860157,40777.6087,62.68,25.86,41.43,69.57,62.68,-6.89,-0.363,0,Emergentes fósiles
Jordan,100.0,15.542974,4405.487109,50.09,15.54,53.29,39.59,50.09,10.5,0.553,0,Emergentes fósiles
Kazakhstan,100.0,10.415101,9812.595808,50.64,10.42,57.8,44.95,50.64,5.69,0.299,0,Emergentes fósiles
Kenya,69.7,89.12098,1912.647867,71.13,62.12,25.31,31.6,71.13,39.53,2.081,3,Pobreza energética
Kiribati,90.03285,0.0,1601.861869,36.49,0.0,67.04,23.52,36.49,12.97,0.683,3,Pobreza energética
Kuwait,100.0,0.08509431,32373.25112,50.25,0.09,61.09,48.21,50.25,2.04,0.107,1,Desarrollados alto consumo
Kyrgyzstan,99.87424,92.385445,,84.04,92.27,,81.2,84.04,2.84,0.149,2,Transición renovable
Latvia,100.0,49.53416,17926.84159,70.39,49.53,32.86,72.78,70.39,-2.39,-0.126,2,Transición renovable
Lebanon,99.97487,5.5009823,7578.172368,47.5,5.5,55.93,45.12,47.5,2.38,0.125,0,Emergentes fósiles
Lesotho,44.50021,100.0,1113.37214,66.53,44.5,27.1,51.12,66.53,15.41,0.811,3,Pobreza energética
Liberia,23.1,0.0,672.3404992,13.31,0.0,84.78,18.58,13.31,-5.27,-0.277,3,Pobreza energética
Libya,68.6424,0.031555694,7685.948132,35.69,0.02,67.94,44.76,35.69,-9.07,-0.477,0,Emergentes fósiles
Lithuania,100.0,78.662415,19575.76848,83.82,78.66,19.32,77.79,83.82,6.03,0.317,2,Transición renovable
Luxembourg,100.0,74.76635,113218.7133,88.33,74.77,14.71,69.66,88.33,18.67,0.983,1,Desarrollados alto consumo
Madagascar,31.04,45.273632,522.9895243,35.17,14.05,54.64,38.4,35.17,-3.23,-0.17,3,Pobreza energética
Malawi,11.2,88.23529,591.8463896,48.99,9.88,25.19,42.18,48.99,6.81,0.358,3,Pobreza energética
Malaysia,100.0,16.115656,11432.823,53.75,16.12,51.12,47.34,53.75,6.41,0.337,0,Emergentes fósiles
Maldives,100.0,4.6875,10561.61351,48.32,4.69,53.66,35.81,48.32,12.51,0.658,0,Emergentes fósiles
Mali,47.836277,35.240963,879.0431873,37.55,16.86,50.47,34.86,37.55,2.69,0.142,3,Pobreza energética
Malta,100.0,10.144928,30186.19596,54.53,10.14,45.81,46.17,54.53,8.36,0.44,1,Desarrollados alto consumo
Mauritania,45.830032,25.274725,1743.302901,34.9,11.58,50.54,17.89,34.9,17.01,0.895,3,Pobreza energética
Mauritius,100.0,19.093851,11097.16898,54.98,19.09,46.02,49.88,54.98,5.1,0.268,0,Emergentes fósiles
Mexico,99.6,21.969315,9950.45008,55.77,21.88,46.73,56.36,55.77,-0.59,-0.031,0,Emergentes fósiles
Mongolia,97.22991,9.954058,4404.84583,46.74,9.68,61.64,25.32,46.74,21.42,1.127,0,Emergentes fósiles
Montenegro,100.0,56.26822,8910.650834,70.93,56.27,32.22,,,,,2,Transición renovable
Morocco,99.6,19.009504,3235.00066,50.42,18.93,51.78,32.55,50.42,17.87,0.941,0,Emergentes fósiles
Mozambique,29.67445,80.49172,506.6416391,50.49,23.89,45.01,50.41,50.49,0.08,0.004,3,Pobreza energética
Myanmar,68.35853,46.144123,1271.111575,49.92,31.54,42.67,32.84,49.92,17.08,0.899,3,Pobreza energética
Namibia,55.17709,97.05882,5009.685904,73.78,53.55,15.73,65.26,73.78,8.52,0.448,2,Transición renovable
Nauru,100.0,0.0,11029.73558,46.37,0.0,59.95,42.33,46.37,4.04,0.213,0,Emergentes fósiles
Nepal,89.9,100.0,1194.956876,80.4,89.9,21.61,54.67,80.4,25.73,1.354,2,Transición renovable
Netherlands,100.0,22.104479,52476.27325,61.89,22.1,41.9,52.93,61.89,8.96,0.472,1,Desarrollados alto consumo
New Caledonia,100.0,17.197453,34788.52928,58.21,17.2,46.55,60.61,58.21,-2.4,-0.126,1,Desarrollados alto consumo
New Zealand,100.0,82.10454,42755.21626,88.16,82.1,17.24,79.54,88.16,8.62,0.454,1,Desarrollados alto consumo
Nicaragua,88.05833,51.5625,1926.699694,59.76,45.41,41.04,38.95,59.76,20.81,1.095,2,Transición renovable
Niger,18.974571,8.196721,554.0993893,15.07,1.56,64.68,3.97,15.07,11.1,0.584,3,Pobreza energética
Nigeria,55.4,26.824644,2229.858652,39.35,14.86,54.86,36.84,39.35,2.51,0.132,3,Pobreza energética
North Macedonia,100.0,22.82794,6070.388054,54.51,22.83,48.35,47.75,54.51,6.76,0.356,0,Emergentes fósiles
Norway,100.0,97.93769,75719.7529,97.32,97.94,7.23,95.7,97.32,1.62,0.085,1,Desarrollados alto consumo
Oman,100.0,0.055478502,17700.70349,48.08,0.06,62.52,45.48,48.08,2.6,0.137,0,Emergentes fósiles
Pakistan,74.12769,36.455193,1288.556325,47.34,27.02,48.83,39.82,47.34,7.52,0.396,2,Transición renovable
Panama,95.81633,60.057747,15774.25494,73.42,57.55,25.51,69.36,73.42,4.06,0.214,2,Transición renovable
Papua New Guinea,59.662975,28.828829,2820.306397,42.37,17.2,51.27,28.95,42.37,13.42,0.706,3,Pobreza energética
Paraguay,99.7,99.857315,5380.963322,88.65,99.56,14.03,81.43,88.65,7.22,0.38,2,Transición renovable
Peru,95.55136,60.827293,7027.612207,70.8,58.12,29.4,68.95,70.8,1.85,0.097,2,Transición renovable
Philippines,95.64508,21.47436,3485.340844,50.61,20.54,49.26,50.41,50.61,0.2,0.011,0,Emergentes fósiles
Poland,100.0,15.615801,15732.20313,54.67,15.62,48.93,43.9,54.67,10.77,0.567,0,Emergentes fósiles
Portugal,100.0,52.986664,23330.81729,72.89,52.99,29.39,59.87,72.89,13.02,0.685,2,Transición renovable
Puerto Rico,100.0,2.6651216,32850.54861,51.47,2.67,47.59,48.05,51.47,3.42,0.18,0,Emergentes fósiles
Qatar,100.0,0.06381621,62276.42869,52.58,0.06,58.12,49.94,52.58,2.64,0.139,1,Desarrollados alto consumo
Romania,100.0,60.679283,12899.34611,74.23,60.68,27.33,57.27,74.23,16.96,0.893,2,Transición renovable
Rwanda,40.368607,46.078434,820.1492886,39.93,18.6,44.61,49.86,39.93,-9.93,-0.523,3,Pobreza energética
Saint Kitts and Nevis,100.0,4.5454545,,44.55,4.55,,41.08,44.55,3.47,0.183,0,Emergentes fósiles
Saint Lucia,99.50218,0.0,,42.35,0.0,,39.32,42.35,3.03,0.159,0,Emergentes fósiles
Saint Vincent and the Grenadines,100.0,14.285714,,48.93,14.29,,51.46,48.93,-2.53,-0.133,0,Emergentes fósiles
Samoa,99.2,40.0,4322.868457,60.78,39.68,43.5,58.2,60.78,2.58,0.136,2,Transición renovable
Sao Tome and Principe,74.9672,11.111111,1987.579702,37.74,8.33,56.96,43.37,37.74,-5.63,-0.296,3,Pobreza energética
Saudi Arabia,100.0,0.062602475,23139.79798,49.04,0.06,58.75,45.71,49.04,3.33,0.175,0,Emergentes fósiles
Senegal,70.4,13.926498,1430.148259,36.46,9.8,57.0,18.94,36.46,17.52,0.922,3,Pobreza energética
Serbia,99.8,28.513292,7417.203649,57.72,28.46,48.22,,,,,0,Emergentes fósiles
Seychelles,100.0,7.54717,16213.48076,51.14,7.55,51.86,43.26,51.14,7.88,0.415,0,Emergentes fósiles
Sierra Leone,22.7,90.4762,521.7548367,53.0,20.54,28.57,8.72,53.0,44.28,2.331,3,Pobreza energética
Singapore,100.0,1.5075376,65640.70795,53.42,1.51,49.65,49.12,53.42,4.3,0.226,1,Desarrollados alto consumo
Slovakia,100.0,77.79354,,77.51,77.79,,73.35,77.51,4.16,0.219,2,Transición renovable
Slovenia,100.0,68.34487,25942.95477,80.18,68.34,23.92,74.72,80.18,5.46,0.287,2,Transición renovable
Solomon Islands,69.80942,0.0,2344.048976,31.78,0.0,62.94,9.21,31.78,22.57,1.188,3,Pobreza energética
Somalia,49.2,5.714286,419.3948077,22.03,2.81,78.67,13.07,22.03,8.96,0.472,3,Pobreza energética
South Africa,85.0,11.15706,6624.761865,45.07,9.48,61.78,37.21,45.07,7.86,0.414,0,Emergentes fósiles
South Sudan,6.707007,1.7857143,,15.32,0.12,,,,,,3,Pobreza energética
Spain,100.0,58.82092,29555.3157,76.36,58.82,26.27,67.1,76.36,9.26,0.487,2,Transición renovable
Sri Lanka,99.75857,35.934547,3852.265603,58.71,35.85,40.83,50.49,58.71,8.22,0.433,2,Transición renovable
Sudan,53.96254,63.33538,610.9278615,50.73,34.18,38.92,34.66,50.73,16.07,0.846,3,Pobreza energética
Suriname,97.82542,49.230766,6853.693411,66.17,48.16,37.18,61.76,66.17,4.41,0.232,0,Emergentes fósiles
Sweden,100.0,98.010925,51939.42974,96.01,98.01,9.13,93.42,96.01,2.59,0.136,1,Desarrollados alto consumo
Switzerland,100.0,94.61654,85334.51946,96.26,94.62,5.39,93.96,96.26,2.3,0.121,1,Desarrollados alto consumo
Tajikistan,99.63321,93.10345,890.5444024,79.17,92.76,24.84,74.62,79.17,4.55,0.239,2,Transición renovable
Thailand,99.9,14.700173,7817.009671,51.72,14.69,53.34,38.12,51.72,13.6,0.716,0,Emergentes fósiles
Togo,52.36311,35.714287,893.3524541,39.17,18.7,56.44,35.1,39.17,4.07,0.214,3,Pobreza energética
Tonga,98.4,14.285714,4903.012138,49.42,14.06,52.86,36.1,49.42,13.32,0.701,0,Emergentes fósiles
Trinidad and Tobago,100.0,0.11574074,16637.16294,47.89,0.12,85.68,42.09,47.89,5.8,0.305,1,Desarrollados alto consumo
Tunisia,100.0,3.9902678,3574.654024,44.14,3.99,59.0,39.43,44.14,4.71,0.248,0,Emergentes fósiles
Turkey,100.0,43.680435,9121.515167,65.35,43.68,36.39,54.31,65.35,11.04,0.581,0,Emergentes fósiles
Turkmenistan,99.9,0.0,7612.03518,45.01,0.0,75.2,36.1,45.01,8.91,0.469,0,Emergentes fósiles
Tuvalu,99.7,,4055.89561,56.21,0.0,43.96,51.04,56.21,5.17,0.272,0,Emergentes fósiles
Uganda,41.3,97.92147,798.5857341,63.45,40.44,32.32,49.09,63.45,14.36,0.756,3,Pobreza energética
Ukraine,100.0,62.144634,3661.456204,70.4,62.14,38.57,59.59,70.4,10.81,0.569,2,Transición renovable
United Arab Emirates,100.0,2.930968,42701.44305,52.52,2.93,51.68,50.32,52.52,2.2,0.116,1,Desarrollados alto consumo
United Kingdom,100.0,54.923054,43070.49836,75.95,54.92,26.33,61.15,75.95,14.8,0.779,1,Desarrollados alto consumo
United States,100.0,37.75918,65279.52903,69.71,37.76,36.88,63.7,69.71,6.01,0.316,1,Desarrollados alto consumo
Uruguay,99.9,88.224304,17688.01501,87.73,88.14,14.74,86.04,87.73,1.69,0.089,2,Transición renovable
Uzbekistan,100.0,10.7636,1784.009816,44.71,10.76,66.32,41.5,44.71,3.21,0.169,0,Emergentes fósiles
Vanuatu,64.59019,28.571428,3116.297759,44.09,18.45,47.93,15.82,44.09,28.27,1.488,3,Pobreza energética
Yemen,72.751076,14.076246,,40.66,10.24,,27.26,40.66,13.4,0.705,0,Emergentes fósiles
Zambia,43.0,86.0259,1305.001031,60.36,36.99,31.02,53.61,60.36,6.75,0.355,3,Pobreza energética
Zimbabwe,46.781475,55.582527,1316.740657,47.82,26.0,50.84,38.81,47.82,9.01,0.474,3,Pobreza energética
