country,cluster,access_electricity_pct,access_clean_fuels_pct,renewable_share_pct,low_carbon_elec_pct,primary_energy_per_capita_kwh,energy_intensity_mj_gdp,gdp_per_capita_usd,cluster_name
Afghanistan,2,97.7,31.9,18.51,83.17757,802.61255,2.41,494.1793499,Transición renovable
Albania,2,100.0,80.7,23.75,100.0,11585.555,2.5,5395.659532,Transición renovable
Algeria,0,99.5,99.7,0.16,1.0953188,16259.053,5.32,3989.668276,Emergentes fósiles
Angola,3,45.6428,49.5,54.69,71.55844,3667.4238,2.94,2809.626088,Pobreza energética
Antigua and Barbuda,0,100.0,100.0,0.91,2.9411764,33027.516,3.45,17376.64968,Emergentes fósiles
Argentina,0,100.0,99.9,10.74,31.991589,20725.168,3.35,10056.63794,Emergentes fósiles
Armenia,2,100.0,98.0,10.34,60.821915,16179.096,3.53,4604.646324,Transición renovable
Aruba,0,100.0,87.6,7.48,16.304348,51107.844,3.2,6624.761865,Emergentes fósiles
Australia,1,100.0,100.0,10.13,21.37597,66263.54,4.3,54875.28596,Desarrollados alto consumo
Austria,1,100.0,100.0,33.77,77.109795,48314.258,2.82,50114.40111,Desarrollados alto consumo
Azerbaijan,0,100.0,96.7,1.62,6.869919,17546.781,4.61,4805.753718,Emergentes fósiles
Bahamas,0,100.0,100.0,1.14,0.0,39636.066,2.53,6624.761865,Emergentes fósiles
Bahrain,1,100.0,100.0,0.0,0.031806614,155398.47,8.73,23551.93009,Desarrollados alto consumo
Bangladesh,0,92.2,23.4,24.75,1.4337819,2916.3176,2.36,1855.740094,Emergentes fósiles
Barbados,0,100.0,100.0,4.31,3.9215686,25172.027,3.54,18148.49785,Emergentes fósiles
Belarus,0,100.0,99.5,7.83,2.494692,31923.436,5.97,6837.717826,Emergentes fósiles
Belgium,1,100.0,100.0,10.21,68.237465,64152.26,3.87,46591.49161,Desarrollados alto consumo
Belize,2,92.72,82.1,29.09,53.409092,9883.737,6.12,5078.809944,Transición renovable
Benin,3,40.32869,4.0,46.47,5.0,2416.162,5.69,1219.515506,Pobreza energética
Bermuda,1,100.0,87.6,0.84,31.991589,50639.293,1.65,117098.4463,Desarrollados alto consumo
Bhutan,2,100.0,79.4,82.27,100.0,27251.602,7.91,3322.863329,Transición renovable
Bosnia and Herzegovina,2,100.0,45.0,37.02,37.85243,20694.338,6.14,6119.762345,Transición renovable
Botswana,0,69.95974,63.9,25.57,0.3267974,9467.984,2.69,7203.064221,Emergentes fósiles
Brazil,2,99.8,95.8,47.57,85.30534,16681.945,3.93,8897.552966,Transición renovable
Bulgaria,2,100.0,87.6,19.34,54.908676,29996.027,4.74,9879.268533,Transición renovable
Burkina Faso,3,18.374855,10.1,64.85,12.209302,946.95734,4.49,796.1152068,Pobreza energética
Burundi,3,11.356528,0.2,84.77,66.666664,309.34055,7.62,228.2135892,Pobreza energética
Cambodia,2,84.0,32.6,53.36,53.372787,4069.4607,4.68,1643.121389,Transición renovable
Cameroon,3,63.48988,22.2,79.41,64.19161,1720.2494,4.33,1533.095688,Pobreza energética
Canada,1,100.0,100.0,22.11,82.378334,107980.76,6.94,46338.34096,Desarrollados alto consumo
Cayman Islands,1,100.0,87.6,0.0,2.857143,50531.71,2.06,91392.64259,Desarrollados alto consumo
Central African Republic,3,14.3,0.7,91.26,100.0,299.18008,8.39,467.9080323,Pobreza energética
Chad,3,8.4,6.1,77.79,3.2258065,458.18085,3.77,709.5400432,Pobreza energética
Chile,0,100.0,100.0,25.26,41.64621,24894.514,3.66,14741.7144,Emergentes fósiles
China,0,100.0,77.6,14.45,31.672895,28277.445,6.31,10143.83817,Emergentes fósiles
Colombia,2,99.75592,92.5,30.72,69.49456,11221.787,2.51,6424.979492,Transición renovable
Comoros,3,84.297775,7.8,53.43,0.0,1685.7296,3.19,1401.542312,Pobreza energética
Congo,3,48.407475,32.6,68.67,25.68306,2873.82,6.55,6624.761865,Pobreza energética
Costa Rica,2,99.71,95.6,35.76,97.81277,13012.45,2.11,12693.82796,Transición renovable
Croatia,2,100.0,100.0,31.6,65.95577,23200.729,3.07,15311.7669,Transición renovable
Cuba,0,99.8,93.6,21.54,15.309779,9606.213,1.27,9125.878679,Emergentes fósiles
Cyprus,0,100.0,100.0,12.05,10.097087,26442.418,2.67,29206.07672,Emergentes fósiles
Czechia,0,100.0,100.0,15.85,47.021107,45355.285,4.12,6624.761865,Emergentes fósiles
Denmark,1,100.0,100.0,37.52,78.17689,33139.277,2.0,59775.7351,Desarrollados alto consumo
Djibouti,3,61.21193,9.5,27.92,0.0,2848.7866,1.89,3414.916178,Pobreza energética
Dominica,0,100.0,89.3,8.05,22.222221,11049.87,2.97,8516.280039,Emergentes fósiles
Dominican Republic,0,99.0,90.9,13.98,12.247015,11098.332,2.08,8282.117131,Emergentes fósiles
Ecuador,2,99.09,94.45,17.73,78.04273,12160.402,3.26,6222.524653,Transición renovable
Egypt,0,100.0,99.9,5.3,10.662351,9919.544,3.41,6624.761865,Emergentes fósiles
El Salvador,2,97.36,90.75,19.39,69.28214,7271.5205,3.37,4167.730939,Transición renovable
Equatorial Guinea,0,66.600044,24.0,6.58,32.142857,17644.693,3.01,8419.933336,Emergentes fósiles
Eritrea,3,50.936993,9.2,73.67,2.2727273,936.4785,3.75,6624.761865,Pobreza energética
Estonia,0,100.0,100.0,31.29,28.120895,47295.336,4.49,23397.12001,Emergentes fósiles
Eswatini,2,76.86944,53.8,65.95,94.3662,5780.252,4.67,3915.643467,Transición renovable
Ethiopia,3,48.06359,7.0,88.92,99.929726,921.99115,7.53,855.7608852,Pobreza energética
Fiji,2,99.71588,49.4,26.48,62.83186,9417.632,2.15,6175.890653,Transición renovable
Finland,1,100.0,100.0,45.76,81.52969,59219.418,5.19,48628.64176,Desarrollados alto consumo
France,1,100.0,100.0,15.53,90.54302,42326.785,3.29,40578.64429,Desarrollados alto consumo
Gabon,2,90.726295,87.8,89.88,44.690266,7427.6616,5.99,7766.996554,Transición renovable
Gambia,3,62.1,1.8,49.24,0.0,972.6679,2.97,6624.761865,Pobreza energética
Georgia,2,100.0,87.7,25.22,76.98276,19659.346,3.83,4697.983652,Transición renovable
Germany,1,100.0,100.0,17.17,52.611385,44467.746,2.76,46794.89929,Desarrollados alto consumo
Ghana,2,83.5,22.4,41.8,43.858597,3135.595,2.85,2246.625578,Transición renovable
Greece,0,100.0,100.0,18.51,33.14121,29966.309,2.9,19133.75776,Emergentes fósiles
Grenada,0,93.120964,89.6,10.37,0.0,10655.754,2.68,10827.43529,Emergentes fósiles
Guatemala,2,95.742004,48.6,62.92,60.101376,5851.735,4.24,4638.634943,Transición renovable
Guinea,3,42.2,1.6,65.44,63.592236,1201.7898,5.57,1058.143368,Pobreza energética
Guinea-Bissau,3,30.961557,1.0,86.24,0.0,703.1273,8.59,749.453747,Pobreza energética
Guyana,0,91.91576,79.5,11.35,13.114754,14184.612,3.98,6609.51128,Emergentes fósiles
Haiti,3,45.990234,4.4,76.4,16.666666,1184.3462,5.8,1312.770636,Pobreza energética
Honduras,2,91.1,48.1,45.96,51.528778,5640.568,4.3,2556.456891,Transición renovable
Hungary,2,100.0,100.0,13.64,61.392223,28131.205,3.51,16735.65978,Transición renovable
Iceland,1,100.0,100.0,81.07,100.0,175527.73,12.27,68941.46223,Desarrollados alto consumo
India,0,97.308266,63.9,32.93,21.475914,6731.805,4.28,2100.751461,Emergentes fósiles
Indonesia,0,98.85,81.85,19.09,16.261044,8474.4795,3.16,4135.201531,Emergentes fósiles
Iraq,0,99.992004,98.9,0.43,5.987218,15430.376,5.57,5980.626918,Emergentes fósiles
Ireland,1,100.0,100.0,12.34,38.41146,38270.875,1.32,80886.61574,Desarrollados alto consumo
Israel,0,100.0,100.0,4.47,4.0435023,35085.457,2.51,43951.24773,Emergentes fósiles
Italy,0,100.0,100.0,17.27,39.756306,30464.062,2.45,33641.63375,Emergentes fósiles
Jamaica,0,99.36762,83.4,9.09,15.294118,15387.241,4.45,5369.498371,Emergentes fósiles
Japan,0,100.0,100.0,7.69,25.860157,40868.688,3.33,40777.6087,Emergentes fósiles
Jordan,0,100.0,99.9,8.17,15.542974,11258.242,3.8,4405.487109,Emergentes fósiles
Kazakhstan,0,100.0,92.8,1.7,10.415101,43404.29,6.27,9812.595808,Emergentes fósiles
Kenya,3,69.7,17.7,68.08,89.12098,1946.3412,5.31,1912.647867,Pobreza energética
Kiribati,3,90.03285,9.1,41.03,0.0,2592.4326,5.93,1601.861869,Pobreza energética
Kuwait,1,100.0,100.0,0.06,0.08509431,94612.555,7.4,32373.25112,Desarrollados alto consumo
Kyrgyzstan,2,99.87424,76.6,27.88,92.385445,10582.124,4.96,6624.761865,Transición renovable
Latvia,2,100.0,100.0,41.52,49.53416,23394.7,3.18,17926.84159,Transición renovable
Lebanon,0,99.97487,87.6,5.46,5.5009823,18447.385,3.62,7578.172368,Emergentes fósiles
Lesotho,3,44.50021,39.3,39.47,100.0,2188.859,8.14,1113.37214,Pobreza energética
Liberia,3,23.1,0.4,87.24,0.0,1100.8312,14.33,672.3404992,Pobreza energética
Libya,0,68.6424,87.6,2.8,0.031555694,32421.873,8.9,7685.948132,Emergentes fósiles
Lithuania,2,100.0,100.0,33.53,78.662415,24873.117,3.08,19575.76848,Transición renovable
Luxembourg,1,100.0,100.0,16.45,74.76635,76273.7,2.34,113218.7133,Desarrollados alto consumo
Madagascar,3,31.04,0.9,82.77,45.273632,678.70404,8.56,522.9895243,Pobreza energética
Malawi,3,11.2,1.2,73.02,88.23529,537.8198,3.18,591.8463896,Pobreza energética
Malaysia,0,100.0,95.8,5.11,16.115656,37823.5,4.25,11432.823,Emergentes fósiles
Maldives,0,100.0,99.0,1.11,4.6875,18567.896,2.69,10561.61351,Emergentes fósiles
Mali,3,47.836277,0.9,76.64,35.240963,1231.7151,4.59,879.0431873,Pobreza energética
Malta,1,100.0,100.0,7.7,10.144928,80081.51,1.37,30186.19596,Desarrollados alto consumo
Mauritania,3,45.830032,43.0,24.7,25.274725,4149.229,3.24,1743.302901,Pobreza energética
Mauritius,0,100.0,96.9,8.94,19.093851,22800.158,2.13,11097.16898,Emergentes fósiles
Mexico,0,99.6,84.9,10.34,21.969315,17903.295,3.06,9950.45008,Emergentes fósiles
Mongolia,0,97.22991,50.1,3.32,9.954058,24279.39,7.01,4404.84583,Emergentes fósiles
Montenegro,2,100.0,62.0,38.74,56.26822,20460.55,3.4,8910.650834,Transición renovable
Morocco,0,99.6,98.0,10.69,19.009504,7267.464,3.34,3235.00066,Emergentes fósiles
Mozambique,3,29.67445,4.8,78.08,80.49172,2446.9106,11.93,506.6416391,Pobreza energética
Myanmar,3,68.35853,28.9,57.85,46.144123,3197.22,3.58,1271.111575,Pobreza energética
Namibia,2,55.17709,46.5,30.69,97.05882,9254.443,3.52,5009.685904,Transición renovable
Nauru,0,100.0,100.0,0.61,0.0,22405.49,5.06,11029.73558,Emergentes fósiles
Nepal,2,89.9,33.6,77.39,100.0,1700.5831,5.23,1194.956876,Transición renovable
Netherlands,1,100.0,100.0,8.54,22.104479,58836.934,3.05,52476.27325,Desarrollados alto consumo
New Caledonia,1,100.0,87.6,5.4,17.197453,79064.88,3.75,34788.52928,Desarrollados alto consumo
New Zealand,1,100.0,100.0,29.65,82.10454,53259.336,4.02,42755.21626,Desarrollados alto consumo
Nicaragua,2,88.05833,55.1,50.71,51.5625,4225.4365,4.68,1926.699694,Transición renovable
Niger,3,18.974571,2.3,80.83,8.196721,468.4848,4.99,554.0993893,Pobreza energética
Nigeria,3,55.4,12.9,81.4,26.824644,2482.8318,6.39,2229.858652,Pobreza energética
North Macedonia,0,100.0,77.3,16.32,22.82794,14689.626,3.39,6070.388054,Emergentes fósiles
Norway,1,100.0,100.0,62.37,97.93769,96392.5,3.33,75719.7529,Desarrollados alto consumo
Oman,0,100.0,100.0,0.0,0.055478502,81070.86,7.23,17700.70349,Emergentes fósiles
Pakistan,2,74.12769,47.8,43.36,36.455193,4400.1157,4.59,1288.556325,Transición renovable
Panama,2,95.81633,87.6,18.91,60.057747,27875.5,1.54,15774.25494,Transición renovable
Papua New Guinea,3,59.662975,9.1,53.09,28.828829,3159.5166,5.28,2820.306397,Pobreza energética
Paraguay,2,99.7,68.0,60.09,99.857315,19903.92,3.39,5380.963322,Transición renovable
Peru,2,95.55136,83.25,27.12,60.827293,9949.632,2.6,7027.612207,Transición renovable
Philippines,0,95.64508,46.5,26.73,21.47436,5104.391,2.68,3485.340844,Emergentes fósiles
Poland,0,100.0,100.0,12.18,15.615801,30777.799,3.42,15732.20313,Emergentes fósiles
Portugal,2,100.0,100.0,28.19,52.986664,28468.56,2.54,23330.81729,Transición renovable
Puerto Rico,0,100.0,87.6,2.42,2.6651216,24532.93,0.63,32850.54861,Emergentes fósiles
Qatar,1,100.0,100.0,0.04,0.06381621,208021.3,6.79,62276.42869,Desarrollados alto consumo
Romania,2,100.0,87.7,23.54,60.679283,19839.047,2.38,12899.34611,Transición renovable
Rwanda,3,40.368607,1.9,77.86,46.078434,525.5729,3.94,820.1492886,Pobreza energética
Saint Kitts and Nevis,0,100.0,100.0,1.58,4.5454545,23235.219,2.58,6624.761865,Emergentes fósiles
Saint Lucia,0,99.50218,94.4,9.75,0.0,15259.877,2.84,6624.761865,Emergentes fósiles
Saint Vincent and the Grenadines,0,100.0,94.5,5.68,14.285714,8642.675,2.48,6624.761865,Emergentes fósiles
Samoa,2,99.2,35.3,34.21,40.0,7697.959,4.44,4322.868457,Transición renovable
Sao Tome and Principe,3,74.9672,3.0,37.09,11.111111,3418.4949,3.47,1987.579702,Pobreza energética
Saudi Arabia,0,100.0,100.0,0.03,0.062602475,82989.266,5.58,23139.79798,Emergentes fósiles
Senegal,3,70.4,24.7,37.2,13.926498,2753.3909,3.67,1430.148259,Pobreza energética
Serbia,0,99.8,78.6,21.53,28.513292,26602.787,5.04,7417.203649,Emergentes fósiles
Seychelles,0,100.0,100.0,1.47,7.54717,45777.125,3.08,16213.48076,Emergentes fósiles
Sierra Leone,3,22.7,0.7,75.44,90.4762,513.0044,5.4,521.7548367,Pobreza energética
Singapore,1,100.0,100.0,0.84,1.5075376,158657.89,2.57,65640.70795,Desarrollados alto consumo
Slovakia,2,100.0,100.0,17.64,77.79354,33892.78,4.11,6624.761865,Transición renovable
Slovenia,2,100.0,100.0,20.86,68.34487,37905.92,3.5,25942.95477,Transición renovable
Solomon Islands,3,69.80942,9.2,48.39,0.0,2027.3756,4.27,2344.048976,Pobreza energética
Somalia,3,49.2,2.9,95.03,5.714286,227.57283,11.64,419.3948077,Pobreza energética
South Africa,0,85.0,86.3,10.5,11.15706,25511.209,8.03,6624.761865,Emergentes fósiles
South Sudan,3,6.707007,0.0,26.65,1.7857143,747.48596,3.75,6624.761865,Pobreza energética
Spain,2,100.0,100.0,17.27,58.82092,33764.863,2.64,29555.3157,Transición renovable
Sri Lanka,2,99.75857,30.6,49.91,35.934547,4973.5986,1.78,3852.265603,Transición renovable
Sudan,3,53.96254,53.6,62.23,63.33538,2459.3628,4.62,610.9278615,Pobreza energética
Suriname,0,97.82542,93.9,14.4,49.230766,21629.324,3.97,6853.693411,Emergentes fósiles
Sweden,1,100.0,100.0,52.88,98.010925,63283.47,3.8,51939.42974,Desarrollados alto consumo
Switzerland,1,100.0,100.0,24.76,94.61654,39156.45,1.68,85334.51946,Desarrollados alto consumo
Tajikistan,2,99.63321,81.6,38.56,93.10345,8041.5947,4.84,890.5444024,Transición renovable
Thailand,0,99.9,82.7,23.96,14.700173,20792.385,4.52,7817.009671,Emergentes fósiles
Togo,3,52.36311,9.25,76.21,35.714287,1304.0579,8.02,893.3524541,Pobreza energética
Tonga,0,98.4,82.1,1.77,14.285714,6863.2144,3.42,4903.012138,Emergentes fósiles
Trinidad and Tobago,1,100.0,100.0,0.43,0.11574074,123712.94,19.9,16637.16294,Desarrollados alto consumo
Tunisia,0,100.0,99.8,12.2,3.9902678,10128.142,3.75,3574.654024,Emergentes fósiles
Turkey,0,100.0,95.2,14.12,43.680435,21973.062,2.61,9121.515167,Emergentes fósiles
Turkmenistan,0,99.9,99.9,0.06,0.0,57961.055,12.87,7612.03518,Emergentes fósiles
Tuvalu,0,99.7,69.8,8.2,31.991589,0.0,2.61,4055.89561,Emergentes fósiles
Uganda,3,41.3,0.5,90.22,97.92147,811.62756,9.98,798.5857341,Pobreza energética
Ukraine,2,100.0,94.9,7.44,62.144634,21661.146,6.95,3661.456204,Transición renovable
United Arab Emirates,1,100.0,100.0,0.67,2.930968,134878.39,3.36,42701.44305,Desarrollados alto consumo
United Kingdom,1,100.0,100.0,12.24,54.923054,32893.76,2.3,43070.49836,Desarrollados alto consumo
United States,1,100.0,100.0,10.42,37.75918,79489.016,4.51,65279.52903,Desarrollados alto consumo
Uruguay,2,99.9,100.0,60.76,88.224304,19985.01,2.77,17688.01501,Transición renovable
Uzbekistan,0,100.0,84.6,1.57,10.7636,16212.221,8.37,1784.009816,Emergentes fósiles
Vanuatu,3,64.59019,8.0,31.86,28.571428,3154.4717,3.53,3116.297759,Pobreza energética
Yemen,0,72.751076,61.3,3.11,14.076246,1475.9852,3.75,6624.761865,Emergentes fósiles
Zambia,3,43.0,11.2,84.5,86.0259,2983.8816,7.09,1305.001031,Pobreza energética
Zimbabwe,3,46.781475,30.1,81.5,55.582527,3003.6553,10.47,1316.740657,Pobreza energética
