country,score_v1,score_v2,score_v3,rank_v1,rank_v2,rank_v3
Iceland,97.9167478934589,98.07507895244206,90.73,1,1,18
Norway,97.32376254428925,97.43971512704915,91.69,2,2,12
Switzerland,96.2563283770086,96.30718422645236,92.95,3,3,11
Sweden,96.0099463209882,96.16478027900052,88.44,4,4,29
France,91.76751951348356,91.82755933910603,86.85,5,5,32
Costa Rica,90.80009380751765,91.09502040290717,76.21,6,6,73
Albania,88.81514981472719,89.22832561991483,68.85,7,7,98
Paraguay,88.65119891380652,89.06476455321993,68.68,8,8,99
Canada,88.56760546302021,88.48373286245564,88.56,9,9,27
Finland,88.35807299175953,88.25579608199027,89.04,10,10,25
Luxembourg,88.33390556717835,88.03887382129736,96.77,11,12,4
New Zealand,88.15687358272426,88.07667096640797,87.89,12,11,31
Uruguay,87.72754686834908,87.83435065043531,79.83,13,13,54
Denmark,87.5866725589321,87.41010478128202,91.05,14,15,16
Bhutan,87.08359928521136,87.54525850522543,64.68,15,14,107
Austria,86.47664308660043,86.30063721717562,89.61,16,16,23
Brazil,83.92932447802852,84.05895611664371,74.08,17,17,78
Lithuania,83.81697461060476,83.75984439050782,81.42,18,18,47
Belgium,82.22367923426269,81.91300771470333,89.61,19,19,23
Nepal,80.40158323855073,81.04629890787132,50.88,20,20,124
Slovenia,80.18015309586312,79.92977209117895,84.57,21,21,41
Ecuador,79.17069872267378,79.22557723643891,71.16,22,23,91
Tajikistan,79.16861019071158,79.65450105937164,53.68,23,22,121
Eswatini,78.1955384682305,78.73568448712005,54.99,24,24,117
Georgia,77.96279956318931,78.02154811142,69.28,25,25,97
Croatia,77.22131011874382,76.98544845741898,80.2,26,26,53
Spain,76.3601174206004,75.9443124448236,86.36,27,27,34
United Kingdom,75.95145362625304,75.43561226911797,89.87,28,29,21
Colombia,75.6381720216715,75.54774998906468,72.37,29,28,85
Hungary,75.48538516763483,75.16761196074106,81.29,30,30,49
Germany,75.20750682996778,74.64638224972869,90.74,31,31,17
Romania,74.23440144495595,73.93126569829718,79.1,32,33,57
Namibia,73.77962019691626,74.5117439194026,46.14,33,32,129
Panama,73.41840880343621,73.11867145314,78.8,34,35,60
El Salvador,73.27773668890129,73.24637326561205,67.48,35,34,104
Portugal,72.88981595198602,72.40431969573042,84.74,36,37,40
Fiji,72.48669901883471,72.29394899430736,72.48,37,38,84
Afghanistan,72.02108782137259,72.42245586437414,48.36,38,36,126
Kenya,71.12545631350496,71.71068356472682,45.65,39,39,130
Montenegro,70.92787540395344,70.59116598464273,76.24,40,41,72
Peru,70.79679752599901,70.59236831907103,71.66,41,40,89
Ireland,70.7727919578444,69.92972153902477,96.45,42,45,5
Bulgaria,70.68471946702937,70.31593545555253,77.22,43,43,69
Armenia,70.6187380541467,70.42092015763059,70.24,44,42,94
Ukraine,70.39526542527663,70.2415345257689,68.18,45,44,102
Latvia,70.3948967250585,69.88051659275686,82.72,46,46,44
United States,69.71338271844365,68.88132055032723,94.65,47,47,6
Guatemala,69.04336610377563,68.86734800806991,68.24,48,48,101
Italy,68.24370268102233,67.5099093575537,88.81,49,51,26
Ethiopia,66.62736517384212,67.63901454857454,27.23,50,49,146
Lesotho,66.52921069721113,67.54419288168921,27.71,51,50,145
Suriname,66.17106021419214,65.76540060379476,73.4,52,52,79
Chile,66.14646481948651,65.52544541054088,81.59,53,53,46
Belize,65.44906621708964,65.18108039421114,67.99,54,54,103
Turkey,65.34692507854817,64.80647161734882,77.32,55,55,68
Uganda,63.44781938438691,64.48835448362408,23.41,56,56,149
Greece,63.250840622926916,62.46765569148496,84.43,57,57,42
Japan,62.677705852260644,61.70233057859735,91.45,58,59,13
Gabon,62.44497487986448,62.01094770882828,71.26,59,58,90
Netherlands,61.88878334087776,60.82808550673318,93.88,60,62,8
Australia,61.72066101795495,60.64383525145222,94.31,61,65,7
Estonia,61.71035834438998,60.82672590774706,86.51,62,63,33
Honduras,61.66507548065113,61.448616417992895,61.42,63,60,111
Bosnia and Herzegovina,61.29857800959861,60.70479732332985,74.31,64,64,77
Samoa,60.7833184100929,60.2650654946103,70.77,65,66,92
Argentina,60.435599322454365,59.698361986825645,78.99,66,67,59
Zambia,60.357724781871944,61.145249227979534,29.31,67,61,142
China,60.323029590074,59.57982955855193,79.08,68,69,58
Nicaragua,59.75777813048774,59.594471174834084,57.48,69,68,114
Cambodia,58.7864048349207,58.700447207742926,53.97,70,70,119
Sri Lanka,58.70974737103086,58.133505916842,70.34,71,71,93
New Caledonia,58.211986351778194,57.1138978897284,90.69,72,74,19
Serbia,57.722831529184376,56.961992397567215,76.52,73,75,70
Angola,57.37851088712044,57.83674108628107,38.23,74,72,134
Cameroon,57.254371228820965,57.51252483241397,42.42,75,73,133
Mexico,55.76765444008546,54.874322524763066,79.4,76,78,55
Ghana,55.47211034750752,55.20664713197731,57.07,77,77,115
Dominica,55.44546359859014,54.56854613842961,78.25,78,79,64
Cayman Islands,55.209638535253376,53.78548294606628,100.0,79,82,1
Mauritius,54.98334835562102,54.02989874026363,80.74,80,81,51
Poland,54.665097524658165,53.62108670256773,83.98,81,84,43
Malta,54.53137934126812,53.33464566051261,89.97,82,85,20
North Macedonia,54.50862022770216,53.67525794532649,75.29,83,83,74
Cyprus,54.39192516162129,53.19772794529588,89.69,84,86,22
Central African Republic,54.37641772436182,55.719598028079695,5.26,85,76,158
Malaysia,53.74961392140604,52.745532493206674,81.21,86,87,50
Singapore,53.41985628247372,52.00721588192445,97.25,87,88,2
Israel,53.127976323482585,51.79603715220507,93.63,88,89,9
Sierra Leone,52.999088798626886,54.11181363226533,11.04,89,80,156
Qatar,52.58221038450607,51.1517336373459,96.9,90,93,3
United Arab Emirates,52.52426999180122,51.177416116830784,93.46,91,92,10
Cuba,52.52183840827263,51.529006612241,79.23,92,90,56
Thailand,51.724473543226054,50.736573231815726,77.99,93,95,66
Puerto Rico,51.46765483637084,50.14278297871246,91.22,94,97,15
Seychelles,51.14186603343673,49.965742846500504,84.81,95,98,39
Sudan,50.727199215649236,51.13981452161106,29.85,96,94,141
Kazakhstan,50.638419722525654,49.55841585889494,80.29,97,103,52
Philippines,50.61109548229282,49.84640953678861,68.46,98,100,100
Dominican Republic,50.557020407619056,49.53128846520572,78.21,99,105,65
Mozambique,50.493594125138166,51.393706461634295,14.96,100,91,154
Jamaica,50.490427241177585,49.55385410122462,74.46,101,104,75
Morocco,50.42216321733328,49.59385446164795,69.96,102,102,95
Kuwait,50.2543533206687,48.88966512495597,91.28,103,109,14
Jordan,50.085279632886596,49.167420859565766,73.05,104,107,81
Myanmar,49.92455019354048,49.873728117921345,44.5,105,99,131
Barbados,49.913132742415215,48.66772188758759,86.04,106,110,36
Equatorial Guinea,49.84911784753109,49.39926827560023,60.85,107,106,112
Indonesia,49.83725515314718,48.94641786725906,71.89,108,108,88
Tonga,49.4217126079215,48.4858360752997,73.27,109,112,80
Antigua and Barbuda,49.31669085386004,48.05994115499196,85.73,110,114,37
India,49.30263815895802,48.575298737307186,64.94,111,111,106
Guinea,49.27404758524906,49.729992202462086,28.7,112,101,143
Bahrain,49.093829385126014,47.76011183150288,88.55,113,115,28
Saudi Arabia,49.0446173556055,47.71315850043355,88.39,114,116,30
Malawi,48.99021472890763,50.14649801049822,6.57,115,96,157
Maldives,48.32378345296169,47.144780016278766,81.33,116,117,48
Oman,48.08413725215756,46.77936809425435,86.09,117,120,35
Guyana,48.016363280279414,47.083753376831595,72.69,118,119,83
Trinidad and Tobago,47.88987995650503,46.59227350288688,85.56,119,121,38
Zimbabwe,47.82462151134497,48.09390497122732,33.41,120,113,138
Lebanon,47.496450042046455,46.363867482649155,78.41,121,122,63
Pakistan,47.3439409633154,47.09058021214256,48.16,122,118,128
Iraq,46.874681355341686,45.773421513792115,76.35,123,123,71
Mongolia,46.738720447759235,45.75361429802197,72.07,124,124,86
Azerbaijan,46.4930361709721,45.427710841584876,74.41,125,125,76
Nauru,46.369340750461255,45.11099920944834,82.03,126,126,45
Belarus,45.78386448402953,44.6132644696767,77.75,127,127,67
South Africa,45.06890593590373,44.16006848569842,69.41,128,128,96
Turkmenistan,45.014474141774336,43.794028865804655,78.8,129,130,60
Uzbekistan,44.706015740726244,43.802086259985906,65.63,130,129,105
Grenada,44.23949819976384,43.03804063577045,78.46,131,133,62
Tunisia,44.14010453469805,43.058303266806504,72.07,132,132,86
Vanuatu,44.088565680299126,43.69706475805074,51.56,133,131,123
Algeria,43.07970527692943,41.94459964685541,72.97,134,135,82
Papua New Guinea,42.369789136119394,42.03180473970805,48.24,135,134,127
Rwanda,39.93411081582932,40.1499463681861,26.83,136,136,147
Nigeria,39.35007931445857,39.03762191205374,44.25,137,138,132
Togo,39.17369212030561,39.119202593137054,34.26,138,137,137
Bangladesh,38.308358927744806,37.31361104010795,62.75,139,140,110
Sao Tome and Principe,37.73840301985314,37.02949238989724,54.09,140,141,118
Mali,37.54502139435698,37.520786847914984,31.9,141,139,140
Kiribati,36.48770224559436,35.50205972271772,60.51,142,144,113
Senegal,36.45992815517138,35.86550800962658,48.79,143,143,125
Botswana,35.982178906064135,35.01200819833434,63.42,144,146,108
Burundi,35.936157782213215,36.841154565911246,0.0,145,142,159
Libya,35.68591396419972,34.71506782605053,63.34,146,147,109
Madagascar,35.16836172127106,35.49088946827547,18.39,147,145,151
Mauritania,34.902611685893575,34.66652770648855,37.49,148,148,135
Comoros,34.290200322437144,33.3637938234089,56.51,149,149,116
Solomon Islands,31.780167123107503,30.918246211660495,53.73,150,150,120
Djibouti,30.544779079667617,29.71401003743692,52.68,151,152,122
Haiti,30.064331663683237,29.717593118300105,35.74,152,151,136
Benin,22.852812881991124,22.372065597295375,33.11,153,153,139
Somalia,22.027655981350488,21.593990193472678,28.31,154,154,144
Burkina Faso,17.98874420311177,17.841595344624643,18.03,155,155,152
Guinea-Bissau,16.055055258266755,15.617898333835285,24.63,156,156,148
Niger,15.07018419366667,14.890235085244,15.5,157,157,153
Liberia,13.309204097373287,12.945786382646833,19.79,158,158,150
Chad,10.54293961916923,10.34335537573249,12.72,159,159,155
